Thursday, October 22, 2015 8:08:11 AM
Yahoo.com
132.33.129.36
DEAD HOST
Online
Thursday, October 22, 2015 8:13:05 AM
Yahoo.com
132.33.129.36
DEAD HOST
Online
Friday, March 4, 2016 5:30:48 PM
Yahoo.com
132.33.129.36
DEAD HOST
DEAD HOST
Friday, March 4, 2016 5:44:21 PM
Yahoo.com
132.33.129.65
DEAD HOST
Online
Friday, March 4, 2016 5:44:48 PM
Yahoo.com
132.33.129.65
DEAD HOST
Online
Friday, March 4, 2016 5:45:13 PM
Yahoo.com
132.33.129.65
DEAD HOST
Online
Friday, March 4, 2016 7:50:11 PM
Yahoo.com
132.33.129.65
DEAD HOST
Online
Friday, March 4, 2016 7:52:13 PM
Yahoo.com
132.33.129.65
DEAD HOST
Online
Friday, March 4, 2016 7:54:57 PM
Yahoo.com
132.33.129.65
DEAD HOST
Online
Friday, March 4, 2016 8:00:30 PM
Yahoo.com
132.33.129.65
DEAD HOST
Online
Friday, March 4, 2016 8:45:11 PM
Yahoo.com
132.33.129.65
DEAD HOST
Online
Friday, March 4, 2016 8:46:03 PM
Yahoo.com
132.33.129.65
DEAD HOST
Online
Friday, March 4, 2016 8:49:56 PM
Yahoo.com
132.33.129.65
DEAD HOST
Online
Friday, March 4, 2016 8:54:50 PM
Yahoo.com
132.33.129.65
DEAD HOST
Online
Friday, March 4, 2016 8:55:36 PM
Yahoo.com
132.33.129.65
DEAD HOST
Online
Friday, March 4, 2016 8:58:20 PM
Yahoo.com
132.33.129.65
DEAD HOST
Online
Friday, March 4, 2016 9:09:14 PM
132.33.129.36
132.33.129.65
DEAD HOST
Online
Friday, March 4, 2016 9:13:59 PM
132.33.129.36
132.33.129.65
DEAD HOST
Online
Friday, March 4, 2016 9:18:22 PM
132.33.129.36
132.33.129.65
DEAD HOST
Online
Friday, March 4, 2016 9:26:06 PM
132.33.129.36
132.33.129.65
DEAD HOST
Online
Friday, March 4, 2016 9:27:39 PM
132.33.129.36
132.33.129.65
DEAD HOST
Online
Friday, March 4, 2016 9:31:50 PM
132.33.129.36
132.33.129.65
DEAD HOST
Online
Friday, March 4, 2016 9:41:06 PM
132.33.129.36
132.33.129.65
DEAD HOST
Online
Friday, March 4, 2016 9:49:22 PM
132.33.129.36
132.33.129.65
DEAD HOST
Online
Friday, March 4, 2016 9:53:38 PM
132.33.129.36
132.33.129.65
DEAD HOST
Online
Friday, March 4, 2016 9:56:40 PM
132.33.129.36
132.33.129.65
DEAD HOST
Online
Friday, March 4, 2016 9:58:30 PM
132.33.129.36
132.33.129.65
DEAD HOST
Online
Friday, March 4, 2016 10:13:13 PM
132.33.129.36
132.33.129.65
DEAD HOST
Online
Friday, March 4, 2016 10:18:09 PM
132.33.129.36
132.33.129.65
DEAD HOST
Online
Friday, March 4, 2016 10:23:48 PM
132.33.129.36
132.33.129.65
DEAD HOST
Online
Friday, March 4, 2016 10:25:55 PM
132.33.129.36
132.33.129.65
DEAD HOST
Online
Friday, March 4, 2016 10:27:54 PM
132.33.129.36
132.33.129.65
DEAD HOST
Online
Friday, March 4, 2016 10:29:57 PM
132.33.48.1
132.33.49.70
132.33.129.36
132.33.129.65
Online
Online
DEAD HOST
Online
Friday, March 4, 2016 10:37:18 PM
132.33.48.1
132.33.49.70
132.33.129.36
132.33.129.65
Online
Online
DEAD HOST
Online
Friday, March 4, 2016 10:58:34 PM
132.33.48.1
132.33.49.70
132.33.129.36
132.33.129.65
Online
Online
DEAD HOST
Online
Friday, March 4, 2016 11:06:01 PM
132.33.48.1
132.33.49.70
132.33.129.36
132.33.129.65
Online
Online
DEAD HOST
Online
Saturday, March 5, 2016 12:04:10 AM
132.33.48.1
132.33.49.70
132.33.129.36
132.33.129.65
Online
Online
DEAD HOST
Online
Saturday, March 5, 2016 12:07:21 AM
132.33.48.1
132.33.49.70
132.33.129.36
132.33.129.65
Online
Online
DEAD HOST
Online
Saturday, March 5, 2016 12:29:11 AM
132.33.48.1
132.33.49.70
132.33.129.36
132.33.129.65
Online
Online
DEAD HOST
Online
Sunday, March 6, 2016 11:46:31 AM
132.33.48.1
132.33.49.70
132.33.129.36
132.33.129.65
Online
Online
DEAD HOST
Online
Sunday, March 6, 2016 12:32:43 PM
132.33.48.1
132.33.49.70
132.33.129.36
132.33.129.65
Online
Online
DEAD HOST
Online
Sunday, March 6, 2016 1:31:20 PM
132.33.48.1
132.33.49.70
132.33.129.36
132.33.129.65
TestOn
TestOn
TestDEAD
TestOn
Online
Online
OFFLINE
Online
Sunday, March 6, 2016 2:00:59 PM
132.33.129.65
132.33.129.36
PI
LMS
Online
OFFLINE
Thursday, April 28, 2016 5:24:03 PM
132.33.120.10
132.33.120.14
132.33.120.11
132.33.132.1
132.33.134.8
132.33.134.3
132.33.134.18
132.33.134.20
132.33.134.1
132.33.136.1
132.33.48.1
132.33.48.2
132.33.48.11
132.33.134.5
132.33.134.50
132.33.21.1
132.33.22.6
132.33.103.202
132.33.103.205
132.33.103.206
132.33.103.220
132.33.103.221
132.33.129.65
132.33.129.36
SDP-01-700T-MSPP
SDP-02-7YAY-BEALE
SDP-SW
EXT-RTR
Firewall 1 - 134.8
Firewall 2 - 134.3
Proxy 1 - 134.18
Proxy 2 - 134.21
INT-RTR 134.1
INT-SW - 136.1
ITN0243 - 48.1
ITN0054 - 48.2
ITN0902 - 48.11
NTP - 134.5
McClellan-RTR-B54 
McClellan-Clinic 21.1
Camp-Parks 
XDAT-DC-001V 
XDAT-DC-002V 
XDAT-DC-003V 
DHCP 1
DHCP 2
PI
LMS
Online
Online
Online
Online
Online
Online
Online
Online
Online
Online
Online
Online
Online
Online
Online
Online
Online
Online
Online
Online
Online
Online
Online
Online
Thursday, April 28, 2016 5:28:05 PM
132.33.120.10
132.33.120.14
132.33.120.11
132.33.132.1
132.33.134.8
132.33.134.3
132.33.134.18
132.33.134.20
132.33.134.1
132.33.136.1
132.33.48.1
132.33.48.2
132.33.48.11
132.33.134.5
132.33.134.50
132.33.21.1
132.33.22.6
132.33.103.202
132.33.103.205
132.33.103.206
132.33.103.220
132.33.103.221
132.33.129.65
132.33.129.36
SDP-01-700T-MSPP
SDP-02-7YAY-BEALE
SDP-SW
EXT-RTR
Firewall 1 - 134.8
Firewall 2 - 134.3
Proxy 1 - 134.18
Proxy 2 - 134.21
INT-RTR 134.1
INT-SW - 136.1
ITN0243 - 48.1
ITN0054 - 48.2
ITN0902 - 48.11
NTP - 134.5
McClellan-RTR-B54 
McClellan-Clinic 21.1
Camp-Parks 
XDAT-DC-001V 
XDAT-DC-002V 
XDAT-DC-003V 
DHCP 1
DHCP 2
PI
LMS
Online
Online
Online
Online
Online
Online
Online
Online
Online
Online
Online
Online
Online
Online
Online
Online
Online
Online
Online
Online
Online
Online
Online
Online
Thursday, April 28, 2016 5:29:08 PM
132.33.120.10
132.33.120.14
132.33.120.11
132.33.132.1
132.33.134.8
132.33.134.3
132.33.134.18
132.33.134.20
132.33.134.1
132.33.136.1
132.33.48.1
132.33.48.2
132.33.48.11
132.33.134.5
132.33.134.50
132.33.21.1
132.33.22.6
132.33.103.202
132.33.103.205
132.33.103.206
132.33.103.220
132.33.103.221
132.33.129.65
132.33.129.36
Online
Online
Online
Online
Online
Online
Online
Online
Online
Online
Online
Online
Online
Online
Online
Online
Online
Online
Online
Online
Online
Online
Online
Online
Thursday, April 28, 2016 5:34:38 PM
132.33.120.10
132.33.120.14
132.33.120.11
132.33.132.1
132.33.134.8
132.33.134.3
132.33.134.18
132.33.134.20
132.33.134.1
132.33.136.1
132.33.48.1
132.33.48.2
132.33.48.11
132.33.134.5
132.33.134.50
132.33.21.1
132.33.22.6
132.33.103.202
132.33.103.205
132.33.103.206
132.33.103.220
132.33.103.221
132.33.129.65
132.33.129.36
Online
Online
Online
Online
Online
Online
Online
Online
Online
Online
Online
Online
Online
Online
Online
Online
Online
Online
Online
Online
Online
Online
Online
Online
Thursday, April 28, 2016 5:36:00 PM
132.33.120.10
132.33.120.14
132.33.120.11
132.33.132.1
132.33.134.8
132.33.134.3
132.33.134.18
132.33.134.20
132.33.134.1
132.33.136.1
132.33.48.1
132.33.48.2
132.33.48.11
132.33.134.5
132.33.134.50
132.33.21.1
132.33.22.6
132.33.103.202
132.33.103.205
132.33.103.206
132.33.103.220
132.33.103.221
132.33.129.65
132.33.129.36
Online
Online
Online
Online
Online
Online
Online
Online
Online
Online
Online
Online
Online
Online
Online
Online
Online
Online
Online
Online
Online
Online
Online
Online
Thursday, April 28, 2016 5:52:16 PM
132.33.120.10
132.33.120.14
132.33.120.11
132.33.132.1
132.33.134.8
132.33.134.3
132.33.134.18
132.33.134.20
132.33.134.1
132.33.136.1
132.33.48.1
132.33.48.2
132.33.48.11
132.33.134.5
132.33.134.50
132.33.21.1
132.33.22.6
132.33.103.202
132.33.103.205
132.33.103.206
132.33.103.220
132.33.103.221
132.33.129.65
132.33.129.36
Online
Online
Online
Online
Online
Online
Online
Online
Online
Online
Online
Online
Online
Online
Online
Online
Online
Online
Online
Online
Online
Online
Online
Online
Thursday, April 28, 2016 5:56:45 PM
132.33.120.10
132.33.120.14
132.33.120.11
132.33.132.1
132.33.134.8
132.33.134.3
132.33.134.18
132.33.134.20
132.33.134.1
132.33.136.1
132.33.48.1
132.33.48.2
132.33.48.11
132.33.134.5
132.33.134.50
132.33.21.1
132.33.22.6
132.33.103.202
132.33.103.205
132.33.103.206
132.33.103.220
132.33.103.221
132.33.129.65
132.33.129.36
Online
Online
Online
Online
Online
Online
Online
Online
Online
Online
Online
Online
Online
Online
Online
Online
Online
Online
Online
Online
Online
Online
Online
Online
Thursday, April 28, 2016 5:56:45 PM
132.33.120.10
132.33.120.14
132.33.120.11
132.33.132.1
132.33.134.8
132.33.134.3
132.33.134.18
132.33.134.20
132.33.134.1
132.33.136.1
132.33.48.1
132.33.48.2
132.33.48.11
132.33.134.5
132.33.134.50
132.33.21.1
132.33.22.6
132.33.103.202
132.33.103.205
132.33.103.206
132.33.103.220
132.33.103.221
132.33.129.65
132.33.129.36
Online
Online
Online
Online
Online
Online
Online
Online
Online
Online
Online
Online
Online
Online
Online
Online
Online
Online
Online
Online
Online
Online
Online
Online
Thursday, April 28, 2016 5:59:26 PM
132.33.120.10
132.33.120.14
132.33.120.11
132.33.132.1
132.33.134.8
132.33.134.3
132.33.134.18
132.33.134.20
132.33.134.1
132.33.136.1
132.33.48.1
132.33.48.2
132.33.48.11
132.33.134.5
132.33.134.50
132.33.21.1
132.33.22.6
132.33.103.202
132.33.103.205
132.33.103.206
132.33.103.220
132.33.103.221
132.33.129.65
132.33.129.36
Online
Online
Online
Online
Online
Online
Online
Online
Online
Online
Online
Online
Online
Online
Online
Online
Online
Online
Online
Online
Online
Online
Online
Online
Thursday, April 28, 2016 5:59:51 PM
132.33.120.10
132.33.120.14
132.33.120.11
132.33.132.1
132.33.134.8
132.33.134.3
132.33.134.18
132.33.134.20
132.33.134.1
132.33.136.1
132.33.48.1
132.33.48.2
132.33.48.11
132.33.134.5
132.33.134.50
132.33.21.1
132.33.22.6
132.33.103.202
132.33.103.205
132.33.103.206
132.33.103.220
132.33.103.221
132.33.129.65
132.33.129.36
Online
Online
Online
Online
Online
Online
Online
Online
Online
Online
Online
Online
Online
Online
Online
Online
Online
Online
Online
Online
Online
Online
Online
Online
Thursday, April 28, 2016 6:00:16 PM
132.33.120.10
132.33.120.14
132.33.120.11
132.33.132.1
132.33.134.8
132.33.134.3
132.33.134.18
132.33.134.20
132.33.134.1
132.33.136.1
132.33.48.1
132.33.48.2
132.33.48.11
132.33.134.5
132.33.134.50
132.33.21.1
132.33.22.6
132.33.103.202
132.33.103.205
132.33.103.206
132.33.103.220
132.33.103.221
132.33.129.65
132.33.129.36
Online
Online
Online
Online
Online
Online
Online
Online
Online
Online
Online
Online
Online
Online
Online
Online
Online
Online
Online
Online
Online
Online
Online
Online
Thursday, April 28, 2016 6:00:40 PM
132.33.120.10
132.33.120.14
132.33.120.11
132.33.132.1
132.33.134.8
132.33.134.3
132.33.134.18
132.33.134.20
132.33.134.1
132.33.136.1
132.33.48.1
132.33.48.2
132.33.48.11
132.33.134.5
132.33.134.50
132.33.21.1
132.33.22.6
132.33.103.202
132.33.103.205
132.33.103.206
132.33.103.220
132.33.103.221
132.33.129.65
132.33.129.36
Online
Online
Online
Online
Online
Online
Online
Online
Online
Online
Online
Online
Online
Online
Online
Online
Online
Online
Online
Online
Online
Online
Online
Online
Thursday, April 28, 2016 6:01:05 PM
132.33.120.10
132.33.120.14
132.33.120.11
132.33.132.1
132.33.134.8
132.33.134.3
132.33.134.18
132.33.134.20
132.33.134.1
132.33.136.1
132.33.48.1
132.33.48.2
132.33.48.11
132.33.134.5
132.33.134.50
132.33.21.1
132.33.22.6
132.33.103.202
132.33.103.205
132.33.103.206
132.33.103.220
132.33.103.221
132.33.129.65
132.33.129.36
Online
Online
Online
Online
Online
Online
Online
Online
Online
Online
Online
Online
Online
Online
Online
Online
Online
Online
Online
Online
Online
Online
Online
Online
Thursday, April 28, 2016 6:01:30 PM
132.33.120.10
132.33.120.14
132.33.120.11
132.33.132.1
132.33.134.8
132.33.134.3
132.33.134.18
132.33.134.20
132.33.134.1
132.33.136.1
132.33.48.1
132.33.48.2
132.33.48.11
132.33.134.5
132.33.134.50
132.33.21.1
132.33.22.6
132.33.103.202
132.33.103.205
132.33.103.206
132.33.103.220
132.33.103.221
132.33.129.65
132.33.129.36
Online
Online
Online
Online
Online
Online
Online
Online
Online
Online
Online
Online
Online
Online
Online
Online
Online
Online
Online
Online
Online
Online
Online
Online
Thursday, April 28, 2016 6:01:55 PM
132.33.120.10
132.33.120.14
132.33.120.11
132.33.132.1
132.33.134.8
132.33.134.3
132.33.134.18
132.33.134.20
132.33.134.1
132.33.136.1
132.33.48.1
132.33.48.2
132.33.48.11
132.33.134.5
132.33.134.50
132.33.21.1
132.33.22.6
132.33.103.202
132.33.103.205
132.33.103.206
132.33.103.220
132.33.103.221
132.33.129.65
132.33.129.36
Online
Online
Online
Online
Online
Online
Online
Online
Online
Online
Online
Online
Online
Online
Online
Online
Online
Online
Online
Online
Online
Online
Online
Online
Thursday, April 28, 2016 6:03:26 PM
132.33.120.10
132.33.120.14
132.33.120.11
132.33.132.1
132.33.134.8
132.33.134.3
132.33.134.18
132.33.134.20
132.33.134.1
132.33.136.1
132.33.48.1
132.33.48.2
132.33.48.11
132.33.134.5
132.33.134.50
132.33.21.1
132.33.22.6
132.33.103.202
132.33.103.205
132.33.103.206
132.33.103.220
132.33.103.221
132.33.129.65
132.33.129.36
Online
Online
Online
Online
Online
Online
Online
Online
Online
Online
Online
Online
Online
Online
Online
Online
Online
Online
Online
Online
Online
Online
Online
Online
Thursday, April 28, 2016 6:03:51 PM
132.33.120.10
132.33.120.14
132.33.120.11
132.33.132.1
132.33.134.8
132.33.134.3
132.33.134.18
132.33.134.20
132.33.134.1
132.33.136.1
132.33.48.1
132.33.48.2
132.33.48.11
132.33.134.5
132.33.134.50
132.33.21.1
132.33.22.6
132.33.103.202
132.33.103.205
132.33.103.206
132.33.103.220
132.33.103.221
132.33.129.65
132.33.129.36
Online
Online
Online
Online
Online
Online
Online
Online
Online
Online
Online
Online
Online
Online
Online
Online
Online
Online
Online
Online
Online
Online
Online
Online
Thursday, April 28, 2016 6:04:16 PM
132.33.120.10
132.33.120.14
132.33.120.11
132.33.132.1
132.33.134.8
132.33.134.3
132.33.134.18
132.33.134.20
132.33.134.1
132.33.136.1
132.33.48.1
132.33.48.2
132.33.48.11
132.33.134.5
132.33.134.50
132.33.21.1
132.33.22.6
132.33.103.202
132.33.103.205
132.33.103.206
132.33.103.220
132.33.103.221
132.33.129.65
132.33.129.36
Online
Online
Online
Online
Online
Online
Online
Online
Online
Online
Online
Online
Online
Online
Online
Online
Online
Online
Online
Online
Online
Online
Online
Online
Thursday, April 28, 2016 6:04:40 PM
132.33.120.10
132.33.120.14
132.33.120.11
132.33.132.1
132.33.134.8
132.33.134.3
132.33.134.18
132.33.134.20
132.33.134.1
132.33.136.1
132.33.48.1
132.33.48.2
132.33.48.11
132.33.134.5
132.33.134.50
132.33.21.1
132.33.22.6
132.33.103.202
132.33.103.205
132.33.103.206
132.33.103.220
132.33.103.221
132.33.129.65
132.33.129.36
Online
Online
Online
Online
Online
Online
Online
Online
Online
Online
Online
Online
Online
Online
Online
Online
Online
Online
Online
Online
Online
Online
Online
Online
Thursday, April 28, 2016 6:05:05 PM
132.33.120.10
132.33.120.14
132.33.120.11
132.33.132.1
132.33.134.8
132.33.134.3
132.33.134.18
132.33.134.20
132.33.134.1
132.33.136.1
132.33.48.1
132.33.48.2
132.33.48.11
132.33.134.5
132.33.134.50
132.33.21.1
132.33.22.6
132.33.103.202
132.33.103.205
132.33.103.206
132.33.103.220
132.33.103.221
132.33.129.65
132.33.129.36
Online
Online
Online
Online
Online
Online
Online
Online
Online
Online
Online
Online
Online
Online
Online
Online
Online
Online
Online
Online
Online
Online
Online
Online
Thursday, April 28, 2016 6:05:30 PM
132.33.120.10
132.33.120.14
132.33.120.11
132.33.132.1
132.33.134.8
132.33.134.3
132.33.134.18
132.33.134.20
132.33.134.1
132.33.136.1
132.33.48.1
132.33.48.2
132.33.48.11
132.33.134.5
132.33.134.50
132.33.21.1
132.33.22.6
132.33.103.202
132.33.103.205
132.33.103.206
132.33.103.220
132.33.103.221
132.33.129.65
132.33.129.36
Online
Online
Online
Online
Online
Online
Online
Online
Online
Online
Online
Online
Online
Online
Online
Online
Online
Online
Online
Online
Online
Online
Online
Online
Thursday, April 28, 2016 6:05:55 PM
132.33.120.10
132.33.120.14
132.33.120.11
132.33.132.1
132.33.134.8
132.33.134.3
132.33.134.18
132.33.134.20
132.33.134.1
132.33.136.1
132.33.48.1
132.33.48.2
132.33.48.11
132.33.134.5
132.33.134.50
132.33.21.1
132.33.22.6
132.33.103.202
132.33.103.205
132.33.103.206
132.33.103.220
132.33.103.221
132.33.129.65
132.33.129.36
Online
Online
Online
Online
Online
Online
Online
Online
Online
Online
Online
Online
Online
Online
Online
Online
Online
Online
Online
Online
Online
Online
Online
Online
Thursday, April 28, 2016 6:06:19 PM
132.33.120.10
132.33.120.14
132.33.120.11
132.33.132.1
132.33.134.8
132.33.134.3
132.33.134.18
132.33.134.20
132.33.134.1
132.33.136.1
132.33.48.1
132.33.48.2
132.33.48.11
132.33.134.5
132.33.134.50
132.33.21.1
132.33.22.6
132.33.103.202
132.33.103.205
132.33.103.206
132.33.103.220
132.33.103.221
132.33.129.65
132.33.129.36
Online
Online
Online
Online
Online
Online
Online
Online
Online
Online
Online
Online
Online
Online
Online
Online
Online
Online
Online
Online
Online
Online
Online
Online
Thursday, April 28, 2016 6:06:44 PM
132.33.120.10
132.33.120.14
132.33.120.11
132.33.132.1
132.33.134.8
132.33.134.3
132.33.134.18
132.33.134.20
132.33.134.1
132.33.136.1
132.33.48.1
132.33.48.2
132.33.48.11
132.33.134.5
132.33.134.50
132.33.21.1
132.33.22.6
132.33.103.202
132.33.103.205
132.33.103.206
132.33.103.220
132.33.103.221
132.33.129.65
132.33.129.36
Online
Online
Online
Online
Online
Online
Online
Online
Online
Online
Online
Online
Online
Online
Online
Online
Online
Online
Online
Online
Online
Online
Online
Online
Thursday, April 28, 2016 6:07:13 PM
132.33.120.10
132.33.120.14
132.33.120.11
132.33.132.1
132.33.134.8
132.33.134.3
132.33.134.18
132.33.134.20
132.33.134.1
132.33.136.1
132.33.48.1
132.33.48.2
132.33.48.11
132.33.134.5
132.33.134.50
132.33.21.1
132.33.22.6
132.33.103.202
132.33.103.205
132.33.103.206
132.33.103.220
132.33.103.221
132.33.129.65
132.33.129.36
Online
Online
Online
Online
Online
Online
Online
Online
Online
Online
Online
Online
Online
Online
Online
Online
Online
Online
Online
Online
Online
Online
Online
Online
Thursday, April 28, 2016 6:07:37 PM
132.33.120.10
132.33.120.14
132.33.120.11
132.33.132.1
132.33.134.8
132.33.134.3
132.33.134.18
132.33.134.20
132.33.134.1
132.33.136.1
132.33.48.1
132.33.48.2
132.33.48.11
132.33.134.5
132.33.134.50
132.33.21.1
132.33.22.6
132.33.103.202
132.33.103.205
132.33.103.206
132.33.103.220
132.33.103.221
132.33.129.65
132.33.129.36
Online
Online
Online
Online
Online
Online
Online
Online
Online
Online
Online
Online
Online
Online
Online
Online
Online
Online
Online
Online
Online
Online
Online
Online
Thursday, April 28, 2016 6:08:02 PM
132.33.120.10
132.33.120.14
132.33.120.11
132.33.132.1
132.33.134.8
132.33.134.3
132.33.134.18
132.33.134.20
132.33.134.1
132.33.136.1
132.33.48.1
132.33.48.2
132.33.48.11
132.33.134.5
132.33.134.50
132.33.21.1
132.33.22.6
132.33.103.202
132.33.103.205
132.33.103.206
132.33.103.220
132.33.103.221
132.33.129.65
132.33.129.36
Online
Online
Online
Online
Online
Online
Online
Online
Online
Online
Online
Online
Online
Online
Online
Online
Online
Online
Online
Online
Online
Online
Online
Online
Thursday, April 28, 2016 6:16:58 PM
132.33.120.10
132.33.120.14
132.33.120.11
132.33.132.1
132.33.134.8
132.33.134.3
132.33.134.18
132.33.134.20
132.33.134.1
132.33.136.1
132.33.48.1
132.33.48.2
132.33.48.11
132.33.134.5
132.33.134.50
132.33.21.1
132.33.22.6
132.33.103.202
132.33.103.205
132.33.103.206
132.33.103.220
132.33.103.221
132.33.129.65
132.33.129.36
Online
Online
Online
Online
Online
Online
Online
Online
Online
Online
Online
Online
Online
Online
Online
Online
Online
Online
Online
Online
Online
Online
Online
Online
Thursday, April 28, 2016 6:18:07 PM
132.33.120.10
132.33.120.14
132.33.120.11
132.33.132.1
132.33.134.8
132.33.134.3
132.33.134.18
132.33.134.20
132.33.134.1
132.33.136.1
132.33.48.1
132.33.48.2
132.33.48.11
132.33.134.5
132.33.134.50
132.33.21.1
132.33.22.6
132.33.103.202
132.33.103.205
132.33.103.206
132.33.103.220
132.33.103.221
132.33.129.65
132.33.129.36
Online
Online
Online
Online
Online
Online
Online
Online
Online
Online
Online
Online
Online
Online
Online
Online
Online
Online
Online
Online
Online
Online
Online
Online
