Thursday, October 22, 2015 8:13:15 AM,Localhost,Server,Running
Thursday, October 22, 2015 8:13:15 AM,,,
Thursday, October 22, 2015 8:27:48 AM,Localhost,Server,Running
Thursday, October 22, 2015 8:27:48 AM,Localhost,,
Thursday, October 22, 2015 8:27:48 AM,,,
Thursday, October 22, 2015 8:36:42 AM,Localhost,Server,Running
Thursday, October 22, 2015 8:36:42 AM,Localhost,,
Thursday, October 22, 2015 8:36:42 AM,132.33.180.7,,
Thursday, October 22, 2015 8:36:42 AM,132.33.180.7,,
Thursday, October 22, 2015 8:36:42 AM,,,
Thursday, October 22, 2015 8:41:21 AM,Localhost,Server,Running
Thursday, October 22, 2015 8:41:21 AM,132.33.180.7,Server,Running
Thursday, October 22, 2015 8:41:21 AM,,,
Friday, March 4, 2016 5:31:06 PM,Localhost,Server,Running
Friday, March 4, 2016 5:31:06 PM,132.33.180.7,Server,Running
Friday, March 4, 2016 5:31:06 PM,,,
Friday, March 4, 2016 5:44:31 PM,Localhost,Server,Running
Friday, March 4, 2016 5:44:31 PM,132.33.180.7,Server,Running
Friday, March 4, 2016 5:44:31 PM,,,
Friday, March 4, 2016 5:44:58 PM,Localhost,Server,Running
Friday, March 4, 2016 5:44:58 PM,132.33.180.7,Server,Running
Friday, March 4, 2016 5:44:58 PM,,,
Friday, March 4, 2016 5:45:23 PM,Localhost,Server,Running
Friday, March 4, 2016 5:45:23 PM,132.33.180.7,Server,Running
Friday, March 4, 2016 5:45:23 PM,,,
Friday, March 4, 2016 7:50:21 PM,Localhost,Server,Running
Friday, March 4, 2016 7:50:21 PM,132.33.180.7,Server,Running
Friday, March 4, 2016 7:50:21 PM,,,
Friday, March 4, 2016 7:52:23 PM,Localhost,Server,Running
Friday, March 4, 2016 7:52:23 PM,132.33.180.7,Server,Running
Friday, March 4, 2016 7:52:23 PM,,,
Friday, March 4, 2016 7:55:07 PM,Localhost,Server,Running
Friday, March 4, 2016 7:55:07 PM,132.33.180.7,Server,Running
Friday, March 4, 2016 7:55:07 PM,,,
Friday, March 4, 2016 8:00:40 PM,Localhost,Server,Running
Friday, March 4, 2016 8:00:40 PM,132.33.180.7,Server,Running
Friday, March 4, 2016 8:00:40 PM,,,
Friday, March 4, 2016 8:45:21 PM,Localhost,Server,Running
Friday, March 4, 2016 8:45:21 PM,132.33.180.7,Server,Running
Friday, March 4, 2016 8:45:21 PM,,,
Friday, March 4, 2016 8:46:12 PM,Localhost,Server,Running
Friday, March 4, 2016 8:46:12 PM,132.33.180.7,Server,Running
Friday, March 4, 2016 8:46:12 PM,,,
Friday, March 4, 2016 8:50:10 PM,Localhost,Server,Running
Friday, March 4, 2016 8:50:10 PM,132.33.180.7,Server,Running
Friday, March 4, 2016 8:50:10 PM,,,
Friday, March 4, 2016 8:55:00 PM,Localhost,Server,Running
Friday, March 4, 2016 8:55:00 PM,132.33.180.7,Server,Running
Friday, March 4, 2016 8:55:00 PM,,,
Friday, March 4, 2016 8:55:46 PM,Localhost,Server,Running
Friday, March 4, 2016 8:55:46 PM,132.33.180.7,Server,Running
Friday, March 4, 2016 8:55:46 PM,,,
Friday, March 4, 2016 8:58:30 PM,Localhost,Server,Running
Friday, March 4, 2016 8:58:30 PM,132.33.180.7,Server,Running
Friday, March 4, 2016 8:58:30 PM,,,
Friday, March 4, 2016 9:09:27 PM,Localhost,Server,Running
Friday, March 4, 2016 9:09:27 PM,132.33.180.7,Server,Running
Friday, March 4, 2016 9:09:27 PM,132.33.129.36,Server,Running
Friday, March 4, 2016 9:09:27 PM,,,
Friday, March 4, 2016 9:14:09 PM,Localhost,Server,Running
Friday, March 4, 2016 9:14:09 PM,132.33.180.7,Server,Running
Friday, March 4, 2016 9:14:09 PM,132.33.129.36,Server,Running
Friday, March 4, 2016 9:14:09 PM,,,
Friday, March 4, 2016 9:18:32 PM,Localhost,Server,Running
Friday, March 4, 2016 9:18:32 PM,132.33.180.7,Server,Running
Friday, March 4, 2016 9:18:32 PM,,,
Friday, March 4, 2016 9:26:18 PM,Localhost,Server,Running
Friday, March 4, 2016 9:26:18 PM,132.33.180.7,Server,Running
Friday, March 4, 2016 9:26:18 PM,,,
Friday, March 4, 2016 9:27:50 PM,Localhost,Server,Running
Friday, March 4, 2016 9:27:50 PM,132.33.180.7,Server,Running
Friday, March 4, 2016 9:27:50 PM,132.33.181.181,,
Friday, March 4, 2016 9:27:50 PM,,,
Friday, March 4, 2016 9:32:00 PM,132.33.180.255,,
Friday, March 4, 2016 9:32:00 PM,132.33.180.7,Server,Running
Friday, March 4, 2016 9:32:00 PM,132.33.181.181,,
Friday, March 4, 2016 9:32:00 PM,,,
Friday, March 4, 2016 9:41:17 PM,132.33.180.255,,
Friday, March 4, 2016 9:41:17 PM,132.33.180.7,Server,Running
Friday, March 4, 2016 9:41:17 PM,132.33.181.181,,
Friday, March 4, 2016 9:41:17 PM,,,
Friday, March 4, 2016 9:49:32 PM,132.33.180.255,,
Friday, March 4, 2016 9:49:32 PM,132.33.180.7,Server,Running
Friday, March 4, 2016 9:49:32 PM,132.33.181.181,,
Friday, March 4, 2016 9:49:32 PM,,,
Friday, March 4, 2016 9:53:48 PM,132.33.180.255,Server,
Friday, March 4, 2016 9:53:48 PM,132.33.180.7,Server,Running
Friday, March 4, 2016 9:53:48 PM,132.33.181.181,Spooler,
Friday, March 4, 2016 9:53:48 PM,,,
Friday, March 4, 2016 9:56:51 PM,132.33.180.255,Server,Unknown
Friday, March 4, 2016 9:56:51 PM,132.33.180.7,Server,Running
Friday, March 4, 2016 9:56:51 PM,132.33.181.181,Spooler,Unknown
Friday, March 4, 2016 9:56:51 PM,,,
Friday, March 4, 2016 9:58:40 PM,132.33.180.255,Server,Unknown
Friday, March 4, 2016 9:58:40 PM,132.33.180.7,Server,Running
Friday, March 4, 2016 9:58:40 PM,132.33.181.181,Spooler,Unknown
Friday, March 4, 2016 9:58:40 PM,,,
Friday, March 4, 2016 10:13:22 PM,132.33.180.255,Server,Unknown
Friday, March 4, 2016 10:13:22 PM,132.33.180.7,Server,Running
Friday, March 4, 2016 10:13:22 PM,132.33.181.181,Spooler,Unknown
Friday, March 4, 2016 10:13:22 PM,,,
Friday, March 4, 2016 10:18:20 PM,132.33.180.255,Server,Unknown
Friday, March 4, 2016 10:18:20 PM,132.33.180.7,Server,Unknown
Friday, March 4, 2016 10:18:20 PM,132.33.181.181,Spooler,Unknown
Friday, March 4, 2016 10:18:20 PM,,,
Friday, March 4, 2016 10:23:58 PM,132.33.180.255,Server,Unknown
Friday, March 4, 2016 10:23:58 PM,132.33.180.7,Server,Unknown
Friday, March 4, 2016 10:23:58 PM,132.33.181.181,Spooler,Unknown
Friday, March 4, 2016 10:23:58 PM,,,
Friday, March 4, 2016 10:26:05 PM,132.33.180.255,Server,Unknown
Friday, March 4, 2016 10:26:05 PM,132.33.180.7,Server,Unknown
Friday, March 4, 2016 10:26:05 PM,132.33.181.181,Spooler,Unknown
Friday, March 4, 2016 10:26:05 PM,,,
Friday, March 4, 2016 10:28:04 PM,132.33.180.255,Server,Unknown
Friday, March 4, 2016 10:28:04 PM,132.33.180.7,Server,Unknown
Friday, March 4, 2016 10:28:04 PM,132.33.181.181,Spooler,Unknown
Friday, March 4, 2016 10:28:04 PM,,,
Friday, March 4, 2016 10:30:10 PM,132.33.180.255,Server,Unknown
Friday, March 4, 2016 10:30:10 PM,132.33.180.7,Server,Unknown
Friday, March 4, 2016 10:30:10 PM,132.33.181.181,Spooler,Unknown
Friday, March 4, 2016 10:30:10 PM,,,
Friday, March 4, 2016 10:37:33 PM,132.33.180.255,Server,Unknown
Friday, March 4, 2016 10:37:33 PM,132.33.180.7,Server,Unknown
Friday, March 4, 2016 10:37:33 PM,132.33.181.181,Spooler,Unknown
Friday, March 4, 2016 10:37:33 PM,,,
Friday, March 4, 2016 10:58:49 PM,132.33.180.255,Server,Unknown
Friday, March 4, 2016 10:58:49 PM,132.33.180.7,Server,Unknown
Friday, March 4, 2016 10:58:49 PM,132.33.181.181,Spooler,Unknown
Friday, March 4, 2016 10:58:49 PM,,,
Friday, March 4, 2016 11:06:16 PM,132.33.180.255,Server,Unknown
Friday, March 4, 2016 11:06:16 PM,132.33.180.7,Server,Unknown
Friday, March 4, 2016 11:06:16 PM,132.33.181.181,Spooler,Unknown
Friday, March 4, 2016 11:06:16 PM,,,
Saturday, March 5, 2016 12:04:24 AM,132.33.180.255,Server,Unknown
Saturday, March 5, 2016 12:04:24 AM,132.33.180.7,Server,Running
Saturday, March 5, 2016 12:04:24 AM,132.33.181.181,Spooler,Unknown
Saturday, March 5, 2016 12:04:24 AM,,,
Saturday, March 5, 2016 12:07:36 AM,132.33.180.255,Server,Unknown
Saturday, March 5, 2016 12:07:36 AM,132.33.180.7,Server,Running
Saturday, March 5, 2016 12:07:36 AM,132.33.181.181,Spooler,Unknown
Saturday, March 5, 2016 12:07:36 AM,,,
Saturday, March 5, 2016 12:29:26 AM,132.33.180.255,Server,Unknown
Saturday, March 5, 2016 12:29:26 AM,132.33.180.7,Server,Running
Saturday, March 5, 2016 12:29:26 AM,132.33.181.181,Spooler,Unknown
Saturday, March 5, 2016 12:29:26 AM,,,
Sunday, March 6, 2016 11:46:46 AM,132.33.180.255,Server,Unknown
Sunday, March 6, 2016 11:46:46 AM,132.33.180.7,Server,Running
Sunday, March 6, 2016 11:46:46 AM,132.33.181.181,Spooler,Unknown
Sunday, March 6, 2016 11:46:46 AM,,,
Sunday, March 6, 2016 12:32:57 PM,132.33.180.255,Server,Unknown
Sunday, March 6, 2016 12:32:57 PM,132.33.180.7,Server,Unknown
Sunday, March 6, 2016 12:32:57 PM,132.33.181.181,Spooler,Unknown
Sunday, March 6, 2016 12:32:57 PM,,,
Sunday, March 6, 2016 1:31:35 PM,132.33.180.255,Server,Unknown
Sunday, March 6, 2016 1:31:35 PM,132.33.180.7,Server,Unknown
Sunday, March 6, 2016 1:31:35 PM,132.33.181.181,Spooler,Unknown
Sunday, March 6, 2016 1:31:35 PM,,,
